고혈압,이상 지질 혈증,뇌졸증,심근경색증,협심증,관절염,골관절염,류마티스 관절염,골다공증,폐결핵,천식,당뇨병,갑상선 질환,위암,간암,유방암,자궁경부암,폐암,갑상선암,우울증,아토피 피부염,알레르기 비염,백내장,녹내장,B형간염,C형간염,신장,체중 ,허리둘레,체질량 지수,1주일간 걷기 일수,하루 앉아서 보내는 시간(평균),우울감 여부,주중 평균 수면 시간,주말하루 평균 수면 시간,식사량 감소,"불안, 우울",통증 불편,일상활동,맥박의 규칙성,15초 맥박수,1차 수축기 혈압,1차 이완기 혈압,2차 수축기 혈압,2차 이완기 혈압,3차 수축기 혈압,3차 이완기 혈압,최종 수축기 혈압,최종 이완기 혈압,공복 혈당,당화혈 색소,총콜레스테롤,HDL콜레스테롤,중성지방,헤모글러빈,헤마토크리트,혈중요소질소,혈중크레아티닌,백혈구,적혈구,혈소판
1,0,1,0,0,0,0,0,0,0,0,0,0,0,0,0,0,0,0,0,0,0,0,0,0,0,162.4,56,82.2,21.23322575,6,10,0,480,480,0,1,1,1,1,18,154,82,150,84,150,84,150,84,103,6,111,43,83,12.9,38.7,27,1.48,8.27,4.1,264
0,0,0,0,0,0,0,0,0,0,0,0,0,0,0,0,0,0,0,0,0,0,0,0,0,0,167.7,76.4,98.3,27.16609614,4,5,0,300,420,0,1,1,1,1,17,126,76,130,76,134,78,132,77,127,6.2,224,36,157,14.3,42.6,22,0.95,6.89,4.26,173
1,0,0,0,0,1,0,0,0,0,0,0,0,0,0,0,0,0,0,0,0,0,0,1,0,0,157.7,53.2,80.7,21.39184512,2,6,0,360,480,0,1,1,1,1,17,156,72,156,74,156,72,156,73,134,5.2,165,44,101,14.3,42.3,15,0.57,5.67,4.56,114
0,0,0,0,0,0,0,0,0,0,0,0,0,0,0,0,0,0,0,0,0,0,1,0,0,0,151,53.5,79.7,23.46388316,0,9,0,440,480,1,1,1,1,1,21,108,76,104,70,100,70,102,70,99,5.7,197,51,95,13.5,39.9,20,0.7,8.25,4.3,281
