,신장,체중 ,허리둘레,체질량 지수,1주일간 걷기 일수,하루 앉아서 보내는 시간(평균),우울감 여부,주중 평균 수면 시간,주말하루 평균 수면 시간,식사량 감소,"불안, 우울",통증 불편,일상활동,맥박의 규칙성,15초 맥박수,1차 수축기 혈압,1차 이완기 혈압,2차 수축기 혈압,2차 이완기 혈압,3차 수축기 혈압,3차 이완기 혈압,최종 수축기 혈압,최종 이완기 혈압,공복 혈당,당화혈 색소,총콜레스테롤,HDL콜레스테롤,중성지방,헤모글러빈,헤마토크리트,혈중요소질소,혈중크레아티닌,백혈구,적혈구,혈소판
골관절염의 상관계수,-0.17150491416356592,-0.5403049814686852,0.5833032195328816,0.26749328759455987,-0.5400536196978123,0.09088200374456894,-0.0368687936586079,0.3195653681070857,-0.6263243024361986,-0.0785026751208601,-0.5034130091602654,0.716393175026118,0.38439769086781606,0.0,-0.4619698496344342,-0.6885193689756388,0.6221272306764268,0.2052913157320529,-0.23708126161714704,-0.0985283597691571,-0.17428189904580496,0.055523056875809704,-0.20868385765495007,0.21170119533463505,0.023626146370797116,0.16212289502236302,0.1815816261787714,0.10488036014795205,-0.21961974517701943,0.3878992003056793,0.07913160486486205,-0.25260813193919984,-0.21405287922810246,-0.029354854689306334,-0.22399285030443136
